Time,RAM_Usage
1686584907.5581458,71.78125
1686584908.57578,147.6328125
1686584909.578512,189.81640625
1686584910.5813253,234.0625
1686584911.5838406,234.0625
1686584912.5867157,234.0625
1686584913.6019576,234.3203125
1686584914.620999,234.3203125
1686584915.6324346,234.3203125
1686584916.635565,234.3203125
1686584917.6383295,234.578125
1686584918.6415088,234.578125
1686584919.6442766,234.578125
1686584920.6470108,234.578125
1686584921.6541476,234.578125
1686584922.6568413,234.578125
1686584923.6593761,234.578125
1686584924.661783,234.578125
1686584925.664769,234.578125
1686584926.6673257,234.578125
1686584927.670181,234.578125
1686584928.6725187,234.578125
1686584929.6751697,234.578125
1686584930.6782794,234.578125
1686584931.6939359,234.578125
1686584932.702549,234.578125
1686584933.705295,234.578125
1686584934.7094674,234.578125
1686584935.7121,234.8359375
1686584936.7146666,234.8359375
1686584937.7170455,234.8359375
1686584938.719911,234.8359375
1686584939.722945,234.8359375
1686584940.7246664,234.8359375
1686584941.7279801,234.8359375
1686584942.7315748,234.8359375
1686584943.7341528,234.8359375
1686584944.7391212,234.8359375
1686584945.7425172,234.8359375
1686584946.7450686,234.8359375
1686584947.7499726,234.8359375
1686584948.7527153,234.8359375
1686584949.7554007,234.8359375
1686584950.7583256,234.8359375
1686584951.7614903,234.8359375
1686584952.7661018,234.8359375
1686584953.7696805,234.8359375
1686584954.7721786,234.8359375
1686584955.7825925,234.8359375
1686584956.7883132,234.8359375
1686584957.791117,234.8359375
1686584958.7942955,234.8359375
1686584959.796922,234.8359375
1686584960.799884,234.8359375
